{
    "0.29": [
        32.23529411764706,
        32.29803921568627,
        30.91764705882353,
        27.780392156862746
    ],
    "0.58": [
        32.549019607843135,
        32.549019607843135,
        31.858823529411765,
        30.03921568627451
    ],
    "0.88": [
        32.61176470588235,
        32.674509803921566,
        32.549019607843135,
        31.67058823529412
    ],
    "1.17": [
        32.61176470588235,
        32.674509803921566,
        32.674509803921566,
        32.10980392156863
    ],
    "1.47": [
        32.61176470588235,
        32.674509803921566,
        32.61176470588235,
        32.04705882352941
    ],
    "1.76": [
        32.549019607843135,
        32.674509803921566,
        32.61176470588235,
        32.04705882352941
    ],
    "2.05": [
        32.61176470588235,
        32.92549019607843,
        32.674509803921566,
        32.17254901960784
    ],
    "2.35": [
        32.61176470588235,
        32.73725490196078,
        32.674509803921566,
        32.10980392156863
    ],
    "2.65": [
        32.61176470588235,
        32.92549019607843,
        32.674509803921566,
        32.17254901960784
    ],
    "2.94": [
        32.674509803921566,
        32.92549019607843,
        32.73725490196078,
        32.23529411764706
    ],
    "3.24": [
        32.674509803921566,
        32.92549019607843,
        32.92549019607843,
        32.48627450980392
    ],
    "3.53": [
        32.674509803921566,
        32.98823529411764,
        32.92549019607843,
        32.29803921568627
    ],
    "3.83": [
        32.674509803921566,
        32.98823529411764,
        32.92549019607843,
        32.48627450980392
    ],
    "4.12": [
        32.674509803921566,
        32.98823529411764,
        32.98823529411764,
        32.549019607843135
    ],
    "4.42": [
        32.674509803921566,
        33.05098039215686,
        33.05098039215686,
        32.674509803921566
    ],
    "4.71": [
        32.674509803921566,
        32.98823529411764,
        32.98823529411764,
        32.61176470588235
    ],
    "5.01": [
        32.674509803921566,
        33.05098039215686,
        33.05098039215686,
        32.61176470588235
    ],
    "5.3": [
        32.73725490196078,
        33.113725490196074,
        33.113725490196074,
        32.674509803921566
    ],
    "5.6": [
        32.674509803921566,
        33.113725490196074,
        33.113725490196074,
        32.674509803921566
    ],
    "5.89": [
        32.73725490196078,
        33.05098039215686,
        33.113725490196074,
        32.23529411764706
    ],
    "6.19": [
        32.674509803921566,
        32.98823529411764,
        33.05098039215686,
        32.73725490196078
    ],
    "6.48": [
        32.674509803921566,
        33.113725490196074,
        33.05098039215686,
        32.674509803921566
    ],
    "6.78": [
        32.674509803921566,
        32.98823529411764,
        32.98823529411764,
        32.61176470588235
    ],
    "7.07": [
        32.549019607843135,
        32.73725490196078,
        32.674509803921566,
        32.23529411764706
    ],
    "7.37": [
        32.61176470588235,
        32.674509803921566,
        32.73725490196078,
        32.23529411764706
    ],
    "7.66": [
        32.674509803921566,
        32.92549019607843,
        32.92549019607843,
        32.29803921568627
    ],
    "7.96": [
        32.61176470588235,
        32.92549019607843,
        32.73725490196078,
        32.23529411764706
    ],
    "8.25": [
        32.61176470588235,
        32.98823529411764,
        32.73725490196078,
        32.29803921568627
    ]
}