{
    "15.08": [
        36.0,
        36.0,
        36.0,
        36.0,
        36.0,
        36.0,
        36.0,
        36.0
    ],
    "15.1": [
        28.15686274509804,
        26.08627450980392,
        25.521568627450982,
        24.20392156862745,
        27.341176470588234,
        27.403921568627453,
        27.5921568627451,
        27.5921568627451
    ],
    "30.25": [
        27.780392156862746,
        26.901960784313726,
        27.27843137254902,
        25.898039215686275,
        28.031372549019608,
        27.780392156862746,
        27.5921568627451,
        31.16862745098039
    ],
    "45.41": [
        27.5921568627451,
        26.023529411764706,
        24.266666666666666,
        24.705882352941178,
        27.84313725490196,
        28.15686274509804,
        26.462745098039214,
        27.215686274509803
    ],
    "60.57": [
        27.780392156862746,
        26.901960784313726,
        25.08235294117647,
        24.266666666666666,
        27.403921568627453,
        27.654901960784315,
        27.71764705882353,
        28.53333333333333
    ],
    "75.73": [
        27.84313725490196,
        28.658823529411762,
        24.580392156862743,
        24.643137254901962,
        27.780392156862746,
        27.27843137254902,
        27.5921568627451,
        27.341176470588234
    ],
    "90.88": [
        27.780392156862746,
        27.403921568627453,
        25.521568627450982,
        25.145098039215686,
        28.470588235294116,
        26.96470588235294,
        26.901960784313726,
        26.71372549019608
    ],
    "106.04": [
        26.71372549019608,
        27.341176470588234,
        26.274509803921568,
        25.019607843137255,
        29.098039215686274,
        27.84313725490196,
        26.901960784313726,
        26.901960784313726
    ],
    "121.2": [
        27.27843137254902,
        26.901960784313726,
        25.521568627450982,
        25.145098039215686,
        29.098039215686274,
        27.5921568627451,
        27.27843137254902,
        27.5921568627451
    ],
    "136.35": [
        27.341176470588234,
        26.901960784313726,
        26.337254901960783,
        25.521568627450982,
        29.976470588235294,
        27.403921568627453,
        28.596078431372547,
        28.972549019607843
    ],
    "151.51": [
        27.84313725490196,
        25.96078431372549,
        26.08627450980392,
        25.96078431372549,
        29.098039215686274,
        27.654901960784315,
        27.215686274509803,
        26.901960784313726
    ],
    "166.66": [
        28.470588235294116,
        27.780392156862746,
        27.27843137254902,
        26.274509803921568,
        29.6,
        28.031372549019608,
        28.658823529411762,
        28.031372549019608
    ],
    "181.82": [
        27.780392156862746,
        27.84313725490196,
        27.341176470588234,
        26.52549019607843,
        30.101960784313725,
        28.53333333333333,
        28.658823529411762,
        27.215686274509803
    ],
    "196.98": [
        28.28235294117647,
        28.219607843137254,
        28.219607843137254,
        27.84313725490196,
        29.662745098039217,
        27.27843137254902,
        27.341176470588234,
        28.596078431372547
    ],
    "212.14": [
        28.15686274509804,
        29.16078431372549,
        26.337254901960783,
        27.27843137254902,
        28.909803921568628,
        29.03529411764706,
        28.219607843137254,
        27.341176470588234
    ],
    "227.29": [
        27.403921568627453,
        26.96470588235294,
        27.654901960784315,
        27.27843137254902,
        29.976470588235294,
        28.658823529411762,
        28.219607843137254,
        27.341176470588234
    ],
    "242.45": [
        28.15686274509804,
        29.286274509803924,
        27.780392156862746,
        27.71764705882353,
        30.101960784313725,
        29.6,
        26.776470588235295,
        26.901960784313726
    ],
    "257.61": [
        28.094117647058823,
        28.219607843137254,
        27.780392156862746,
        28.219607843137254,
        28.53333333333333,
        29.6,
        28.596078431372547,
        26.08627450980392
    ],
    "272.77": [
        27.71764705882353,
        28.596078431372547,
        28.219607843137254,
        27.341176470588234,
        28.470588235294116,
        29.47450980392157,
        28.596078431372547,
        27.654901960784315
    ],
    "287.92": [
        27.654901960784315,
        27.341176470588234,
        27.341176470588234,
        27.27843137254902,
        28.909803921568628,
        29.662745098039217,
        29.098039215686274,
        26.52549019607843
    ],
    "303.08": [
        28.094117647058823,
        28.909803921568628,
        28.094117647058823,
        27.84313725490196,
        28.28235294117647,
        28.658823529411762,
        28.219607843137254,
        27.654901960784315
    ],
    "318.24": [
        29.537254901960786,
        30.352941176470587,
        30.415686274509802,
        29.850980392156863,
        31.67058823529412,
        30.854901960784314,
        30.91764705882353,
        29.6
    ],
    "333.4": [
        30.415686274509802,
        29.91372549019608,
        30.352941176470587,
        29.976470588235294,
        30.478431372549018,
        32.17254901960784,
        30.854901960784314,
        29.850980392156863
    ],
    "348.56": [
        30.03921568627451,
        30.29019607843137,
        29.662745098039217,
        30.541176470588233,
        31.35686274509804,
        31.79607843137255,
        32.17254901960784,
        29.850980392156863
    ],
    "363.72": [
        30.541176470588233,
        30.7921568627451,
        30.980392156862745,
        30.980392156862745,
        30.7921568627451,
        32.10980392156863,
        31.35686274509804,
        28.658823529411762
    ],
    "378.88": [
        30.29019607843137,
        30.541176470588233,
        31.294117647058826,
        30.7921568627451,
        31.294117647058826,
        32.04705882352941,
        31.79607843137255,
        30.352941176470587
    ],
    "394.04": [
        30.854901960784314,
        31.607843137254903,
        31.35686274509804,
        30.7921568627451,
        32.23529411764706,
        32.23529411764706,
        31.858823529411765,
        30.91764705882353
    ],
    "409.2": [
        31.16862745098039,
        30.541176470588233,
        31.35686274509804,
        30.7921568627451,
        31.79607843137255,
        32.23529411764706,
        32.10980392156863,
        30.415686274509802
    ],
    "424.35": [
        31.294117647058826,
        32.73725490196078,
        31.35686274509804,
        31.35686274509804,
        33.55294117647059,
        32.98823529411764,
        32.04705882352941,
        32.10980392156863
    ],
    "439.52": [
        30.980392156862745,
        31.79607843137255,
        31.858823529411765,
        32.04705882352941,
        33.55294117647059,
        33.9921568627451,
        32.61176470588235,
        33.05098039215686
    ],
    "454.68": [
        30.854901960784314,
        31.733333333333334,
        32.04705882352941,
        31.79607843137255,
        33.36470588235294,
        34.05490196078431,
        33.113725490196074,
        33.17647058823529
    ],
    "469.84": [
        31.35686274509804,
        31.79607843137255,
        30.980392156862745,
        32.10980392156863,
        33.113725490196074,
        33.490196078431374,
        32.29803921568627,
        33.113725490196074
    ],
    "485.0": [
        30.91764705882353,
        31.858823529411765,
        31.79607843137255,
        32.29803921568627,
        33.490196078431374,
        33.741176470588236,
        32.92549019607843,
        32.61176470588235
    ],